datetime,interpolated_cloudcover,extraterrestrial,mean_predicted_irradiance,max_predicted_irradiance,min_predicted_irradiance,max_model,min_model,hour,month,model_1_pred,model_2_pred,model_3_pred,model_4_pred,model_5_pred,model_6_pred,model_7_pred,model_8_pred,model_9_pred,model_10_pred,model_11_pred,model_12_pred,model_13_pred,model_14_pred,model_15_pred,model_16_pred,model_17_pred,model_18_pred,model_19_pred,model_20_pred,model_21_pred,model_22_pred,model_23_pred,model_24_pred,model_25_pred,model_26_pred,model_27_pred,model_28_pred,model_29_pred,model_30_pred,model_31_pred,model_32_pred,model_33_pred,model_34_pred
2025-10-17 11:15:00,63.58,1156.84,585.3,816.8,427.13,model_v10.9.1_train_sr_LGBMRegressor,model_v11_train_ElasticNet,11,10,577.36,536.02,705.0,428.14,677.16,702.82,589.88,716.0,536.06,536.09,536.09,816.8,536.07,638.44,632.14,726.66,535.98,545.45,541.17,815.0,427.13,541.69,529.01,580.88,483.8,541.23,540.63,540.64,514.34,541.23,609.39,610.35,570.6,541.14
2025-10-17 11:30:00,62.65,1186.87,601.4,795.1,438.68,model_v10.9.1_train_sr_LGBMRegressor,model_v11_train_ElasticNet,11,10,577.36,553.37,705.0,440.15,648.22,702.82,607.37,716.0,553.41,553.36,553.36,795.1,553.42,655.43,649.19,747.19,553.33,545.45,557.82,759.0,438.68,580.41,571.9,597.47,512.6,557.88,557.2,557.21,651.95,557.88,625.62,626.38,628.2,557.79
2025-10-17 11:45:00,61.72,1211.59,623.65,826.07,448.43,model_v10.9.1_train_sr_LGBMRegressor,model_v11_train_ElasticNet,11,10,577.36,567.82,705.0,450.28,637.52,710.61,621.87,770.2,567.86,567.74,567.74,826.07,567.87,669.41,663.24,746.31,567.78,545.45,571.71,759.0,448.43,700.48,601.4,611.25,674.4,571.77,571.02,571.03,723.26,571.78,638.98,639.58,648.11,571.68
2025-10-17 12:00:00,60.8,1230.88,637.47,908.0,457.64,model_v11_train_DecisionTreeRegressor,model_v11_train_ElasticNet,12,10,577.36,577.73,705.0,459.96,592.93,693.6,632.23,786.6,577.77,577.81,577.81,759.46,577.78,680.32,674.6,670.03,577.69,545.45,581.59,908.0,457.64,865.44,616.06,621.45,719.6,581.65,581.05,581.06,735.09,581.66,649.41,649.0,719.62,581.56
2025-10-17 12:15:00,66.82,1244.66,587.47,750.2,453.48,model_v11_train_KNeighborsRegressor,model_v11_train_ElasticNet,12,10,577.36,579.2,477.0,456.14,563.59,697.22,635.77,716.0,579.25,579.36,579.37,689.51,579.26,688.12,681.51,598.03,579.16,545.45,581.85,469.0,453.48,593.63,488.2,624.31,750.2,581.91,581.4,581.41,515.76,581.92,656.86,655.74,475.19,581.82
2025-10-17 12:30:00,72.85,1252.88,561.72,692.77,228.0,model_v10.9.1_train_sr_OrthogonalMatchingPursuit,model_v10.9.1_train_sr_DecisionTreeRegressor,12,10,519.37,577.63,228.0,450.33,545.01,649.26,636.17,691.4,577.68,577.88,577.88,608.17,577.69,692.77,685.28,511.89,577.58,556.96,579.21,469.0,447.42,529.04,431.06,624.22,533.8,579.27,578.87,578.88,490.76,579.28,661.3,659.52,536.65,579.18
2025-10-17 12:45:00,78.88,1255.5,566.42,694.25,228.0,model_v10.9.1_train_sr_OrthogonalMatchingPursuit,model_v10.9.1_train_sr_DecisionTreeRegressor,12,10,519.37,572.99,228.0,442.53,573.0,649.26,633.44,670.2,573.04,573.34,573.35,659.41,573.05,694.25,685.91,553.8,572.94,556.96,573.66,469.0,439.46,529.0,510.08,621.17,442.2,573.73,573.44,573.45,602.46,573.73,662.72,660.34,575.5,573.63
2025-10-17 13:00:00,84.9,1252.5,565.33,692.55,408.89,model_v10.9.1_train_sr_OrthogonalMatchingPursuit,model_v11_train_LGBMRegressor,13,10,519.37,563.73,526.0,434.24,580.15,664.0,626.47,669.6,563.78,564.42,564.43,622.66,563.79,692.55,683.72,536.71,563.68,505.26,564.03,616.0,430.93,598.68,418.57,614.44,454.4,564.1,564.14,564.16,408.89,564.1,661.1,657.27,531.98,564.0
2025-10-17 13:15:00,88.48,1243.91,565.66,687.69,415.94,model_v10.9.1_train_sr_OrthogonalMatchingPursuit,model_v11_train_GradientBoostingRegressor,13,10,519.37,555.43,634.0,426.01,580.81,664.0,619.16,659.8,555.48,556.2,556.21,622.59,555.49,687.69,678.37,559.22,555.38,505.26,555.47,616.0,422.76,521.28,415.94,607.25,604.8,555.54,555.68,555.69,417.57,555.54,656.45,652.37,494.24,555.44
2025-10-17 13:30:00,92.05,1229.75,572.03,731.0,412.72,model_v10.9.1_train_sr_DecisionTreeRegressor,model_v11_train_ElasticNet,13,10,519.37,544.1,731.0,415.81,620.75,661.59,608.74,659.8,544.15,544.96,544.97,676.23,544.16,679.68,669.89,643.05,544.05,505.26,544.03,588.0,412.72,502.72,495.89,597.12,595.6,544.1,544.34,544.36,502.7,544.11,648.8,644.51,538.36,544.0
2025-10-17 13:45:00,95.62,1210.1,566.3,732.37,400.82,model_v10.9.1_train_sr_LGBMRegressor,model_v11_train_ElasticNet,13,10,519.37,529.76,731.0,403.66,667.71,678.6,595.23,648.0,529.81,530.73,530.74,732.37,529.82,668.56,658.31,693.75,529.71,505.26,529.74,731.0,400.82,450.5,470.8,584.08,482.2,529.81,530.17,530.18,453.4,529.82,638.18,633.74,547.52,529.71
2025-10-17 14:00:00,99.2,1185.02,531.3,731.0,308.0,model_v10.9.1_train_sr_DecisionTreeRegressor,model_v11_train_DecisionTreeRegressor,14,10,519.37,510.88,731.0,391.07,667.24,679.0,577.58,629.2,510.93,512.19,512.21,707.55,510.94,654.38,644.03,702.31,510.84,505.26,511.45,308.0,388.38,369.7,437.4,567.45,384.6,511.51,512.2,512.22,460.61,511.52,624.62,619.19,357.99,511.42
2025-10-17 14:15:00,99.38,1154.64,520.62,731.0,308.0,model_v10.9.1_train_sr_DecisionTreeRegressor,model_v11_train_DecisionTreeRegressor,14,10,519.37,494.09,731.0,380.02,646.55,679.0,560.42,629.2,494.14,495.47,495.48,727.6,494.15,637.19,626.89,695.71,494.05,505.26,495.47,308.0,377.81,418.63,443.03,551.23,384.6,495.54,496.3,496.31,358.58,495.54,608.2,603.05,367.87,495.44
2025-10-17 14:30:00,99.55,1119.07,488.87,639.32,289.96,model_v10.9.1_train_sr_GradientBoostingRegressor,model_v11_train_LGBMRegressor,14,10,468.59,474.47,632.0,367.14,614.98,639.32,540.36,629.2,474.52,475.93,475.95,635.46,474.53,617.07,606.83,537.5,474.43,433.26,476.82,352.0,365.5,313.17,401.54,532.26,384.6,476.88,477.72,477.74,289.96,476.89,588.97,584.16,375.2,476.79
2025-10-17 14:45:00,99.72,1078.48,458.59,645.11,281.0,model_v10.9.1_train_sr_GradientBoostingRegressor,model_v11_train_DecisionTreeRegressor,14,10,442.42,452.11,392.0,352.47,531.02,645.11,517.49,601.6,452.15,453.66,453.67,567.08,452.16,594.11,583.93,433.44,452.07,433.26,455.56,281.0,351.49,364.62,369.84,510.63,370.8,455.62,456.55,456.56,296.76,455.62,567.03,562.6,372.2,455.54
2025-10-17 15:00:00,99.9,1033.03,461.53,603.62,337.14,model_v10.9.1_train_sr_ExtraTreesRegressor,model_v11_train_ElasticNet,15,10,401.59,425.52,597.0,337.57,603.62,541.1,490.79,601.6,425.56,427.39,427.41,596.94,425.57,568.4,558.66,563.2,425.49,381.18,430.59,440.0,337.14,417.17,374.6,485.72,370.8,430.64,431.88,431.9,370.83,430.65,542.46,537.57,430.95,430.57
2025-10-17 15:15:00,99.93,982.93,428.1,619.18,259.8,model_v10.9.1_train_sr_LGBMRegressor,model_v11_train_LGBMRegressor,15,10,401.59,398.1,450.0,319.73,481.99,541.1,462.67,601.6,398.13,400.08,400.09,619.18,398.14,540.06,530.42,492.77,398.07,381.18,404.55,462.0,320.1,361.62,352.52,459.15,335.2,404.6,405.95,405.96,259.8,404.61,515.38,510.98,333.57,404.53
2025-10-17 15:30:00,99.95,928.38,390.48,601.6,148.0,model_v10.9.1_train_sr_KNeighborsRegressor,model_v11_train_DecisionTreeRegressor,15,10,401.59,368.26,450.0,300.33,452.25,541.1,432.08,601.6,368.28,370.35,370.36,600.49,368.29,509.2,499.69,493.27,368.23,361.84,376.22,148.0,301.57,258.28,281.93,430.24,291.4,376.27,377.73,377.74,239.63,376.27,485.89,482.03,239.69,376.2
2025-10-17 15:45:00,99.98,869.62,358.76,475.96,278.0,model_v10.9.1_train_sr_OrthogonalMatchingPursuit,model_v11_train_KNeighborsRegressor,15,10,378.53,336.1,449.0,279.41,370.66,408.62,399.11,450.4,336.12,338.32,338.33,321.59,336.13,475.96,466.58,311.13,336.08,339.29,345.69,287.0,281.6,342.33,325.73,399.08,278.0,345.73,347.32,347.33,306.45,345.74,454.13,450.84,323.72,345.68
2025-10-17 16:00:00,100.0,806.9,328.88,450.4,203.0,model_v10.9.1_train_sr_KNeighborsRegressor,model_v11_train_KNeighborsRegressor,16,10,329.3,300.23,449.0,258.61,365.32,338.87,362.84,450.4,300.25,302.81,302.82,324.97,300.25,440.48,431.59,341.7,300.21,322.22,311.94,259.0,261.62,299.37,289.04,365.14,203.0,311.97,313.9,313.92,260.38,311.97,420.22,416.65,310.15,311.93
2025-10-17 16:15:00,100.0,740.48,285.55,450.4,112.0,model_v10.9.1_train_sr_KNeighborsRegressor,model_v11_train_DecisionTreeRegressor,16,10,329.3,263.92,216.0,235.02,300.25,313.86,325.61,450.4,263.93,266.64,266.65,318.69,263.94,402.92,394.18,275.88,263.91,322.22,277.48,112.0,239.1,259.36,275.22,329.95,194.6,277.5,279.58,279.59,215.63,277.5,384.32,381.41,174.72,277.47
2025-10-17 16:30:00,100.0,670.67,254.18,363.42,112.0,model_v10.9.1_train_sr_OrthogonalMatchingPursuit,model_v11_train_DecisionTreeRegressor,16,10,329.3,225.75,216.0,210.22,276.11,313.86,286.46,301.8,225.76,228.62,228.63,318.69,225.76,363.42,354.84,275.62,225.74,322.22,241.25,112.0,215.43,170.14,275.22,292.97,194.6,241.27,243.49,243.5,172.67,241.27,346.58,344.36,137.21,241.24
2025-10-17 16:45:00,100.0,597.74,211.82,322.17,132.0,model_v10.9.1_train_sr_OrthogonalMatchingPursuit,model_v11_train_DecisionTreeRegressor,16,10,221.49,185.88,215.0,184.32,233.97,198.87,245.58,256.6,185.88,188.91,188.92,227.46,185.89,322.17,313.76,212.49,185.88,188.87,203.4,132.0,190.7,149.86,181.6,254.33,194.6,203.42,205.79,205.8,164.45,203.42,307.16,305.67,154.41,203.4
2025-10-17 17:00:00,100.0,522.02,187.51,279.34,121.0,model_v10.9.1_train_sr_OrthogonalMatchingPursuit,model_v11_train_DecisionTreeRegressor,17,10,188.36,142.92,248.0,158.92,240.69,174.47,202.03,261.4,142.92,146.34,146.34,202.75,142.92,279.34,271.45,216.31,142.92,184.43,162.93,121.0,166.34,179.29,164.22,213.51,194.6,162.93,165.68,165.69,138.08,162.93,266.23,264.58,191.8,162.92
2025-10-17 17:15:00,99.72,443.83,153.78,235.1,97.0,model_v10.9.1_train_sr_OrthogonalMatchingPursuit,model_v11_train_DecisionTreeRegressor,17,10,188.36,100.46,142.0,131.55,211.78,179.21,158.38,219.0,100.45,104.03,104.04,176.1,100.45,235.1,227.44,196.54,100.46,184.43,122.67,97.0,140.24,196.71,146.53,172.3,161.0,122.67,125.58,125.58,113.92,122.67,223.96,223.11,152.02,122.67
2025-10-17 17:30:00,99.45,363.5,116.9,195.12,56.79,model_v10.9.1_train_sr_RandomForestRegressor,model_v10.9.1_train_sr_LinearRegression,17,10,188.36,56.81,142.0,103.41,157.06,151.23,113.54,161.2,56.8,60.56,60.56,135.47,56.79,189.66,182.22,195.12,56.82,184.43,81.3,81.0,113.39,105.88,128.38,129.94,83.4,81.28,84.36,84.37,90.42,81.28,180.54,180.51,135.3,81.3
2025-10-17 17:45:00,99.18,281.38,68.4,143.21,12.16,model_v10.9.1_train_sr_OrthogonalMatchingPursuit,model_v10.9.1_train_sr_LinearRegression,17,10,66.44,12.19,93.0,74.64,102.24,82.0,67.68,115.6,12.17,16.1,16.11,78.76,12.16,143.21,135.99,126.14,12.21,64.13,38.99,59.0,85.94,86.85,63.58,86.63,83.4,38.97,42.22,42.22,38.69,38.97,136.15,136.96,77.1,39.0
2025-10-17 18:00:00,98.9,197.82,0.0,0.0,0.0,model_v10.9.1_train_sr_AdaBoostRegressor,model_v10.9.1_train_sr_AdaBoostRegressor,18,10,0.0,0.0,0.0,0.0,0.0,0.0,0.0,0.0,0.0,0.0,0.0,0.0,0.0,0.0,0.0,0.0,0.0,0.0,0.0,0.0,0.0,0.0,0.0,0.0,0.0,0.0,0.0,0.0,0.0,0.0,0.0,0.0,0.0,0.0
2025-10-17 18:15:00,97.9,113.18,0.0,0.0,0.0,model_v10.9.1_train_sr_AdaBoostRegressor,model_v10.9.1_train_sr_AdaBoostRegressor,18,10,0.0,0.0,0.0,0.0,0.0,0.0,0.0,0.0,0.0,0.0,0.0,0.0,0.0,0.0,0.0,0.0,0.0,0.0,0.0,0.0,0.0,0.0,0.0,0.0,0.0,0.0,0.0,0.0,0.0,0.0,0.0,0.0,0.0,0.0
2025-10-17 18:30:00,96.9,27.81,0.0,0.0,0.0,model_v10.9.1_train_sr_AdaBoostRegressor,model_v10.9.1_train_sr_AdaBoostRegressor,18,10,0.0,0.0,0.0,0.0,0.0,0.0,0.0,0.0,0.0,0.0,0.0,0.0,0.0,0.0,0.0,0.0,0.0,0.0,0.0,0.0,0.0,0.0,0.0,0.0,0.0,0.0,0.0,0.0,0.0,0.0,0.0,0.0,0.0,0.0
2025-10-17 18:45:00,95.9,0.0,0.0,0.0,0.0,model_v10.9.1_train_sr_AdaBoostRegressor,model_v10.9.1_train_sr_AdaBoostRegressor,18,10,0.0,0.0,0.0,0.0,0.0,0.0,0.0,0.0,0.0,0.0,0.0,0.0,0.0,0.0,0.0,0.0,0.0,0.0,0.0,0.0,0.0,0.0,0.0,0.0,0.0,0.0,0.0,0.0,0.0,0.0,0.0,0.0,0.0,0.0
2025-10-17 19:00:00,94.9,0.0,0.0,0.0,0.0,model_v10.9.1_train_sr_AdaBoostRegressor,model_v10.9.1_train_sr_AdaBoostRegressor,19,10,0.0,0.0,0.0,0.0,0.0,0.0,0.0,0.0,0.0,0.0,0.0,0.0,0.0,0.0,0.0,0.0,0.0,0.0,0.0,0.0,0.0,0.0,0.0,0.0,0.0,0.0,0.0,0.0,0.0,0.0,0.0,0.0,0.0,0.0
2025-10-17 19:15:00,96.18,0.0,0.0,0.0,0.0,model_v10.9.1_train_sr_AdaBoostRegressor,model_v10.9.1_train_sr_AdaBoostRegressor,19,10,0.0,0.0,0.0,0.0,0.0,0.0,0.0,0.0,0.0,0.0,0.0,0.0,0.0,0.0,0.0,0.0,0.0,0.0,0.0,0.0,0.0,0.0,0.0,0.0,0.0,0.0,0.0,0.0,0.0,0.0,0.0,0.0,0.0,0.0
2025-10-17 19:30:00,97.45,0.0,0.0,0.0,0.0,model_v10.9.1_train_sr_AdaBoostRegressor,model_v10.9.1_train_sr_AdaBoostRegressor,19,10,0.0,0.0,0.0,0.0,0.0,0.0,0.0,0.0,0.0,0.0,0.0,0.0,0.0,0.0,0.0,0.0,0.0,0.0,0.0,0.0,0.0,0.0,0.0,0.0,0.0,0.0,0.0,0.0,0.0,0.0,0.0,0.0,0.0,0.0
2025-10-17 19:45:00,98.72,0.0,0.0,0.0,0.0,model_v10.9.1_train_sr_AdaBoostRegressor,model_v10.9.1_train_sr_AdaBoostRegressor,19,10,0.0,0.0,0.0,0.0,0.0,0.0,0.0,0.0,0.0,0.0,0.0,0.0,0.0,0.0,0.0,0.0,0.0,0.0,0.0,0.0,0.0,0.0,0.0,0.0,0.0,0.0,0.0,0.0,0.0,0.0,0.0,0.0,0.0,0.0
2025-10-17 20:00:00,100.0,0.0,0.0,0.0,0.0,model_v10.9.1_train_sr_AdaBoostRegressor,model_v10.9.1_train_sr_AdaBoostRegressor,20,10,0.0,0.0,0.0,0.0,0.0,0.0,0.0,0.0,0.0,0.0,0.0,0.0,0.0,0.0,0.0,0.0,0.0,0.0,0.0,0.0,0.0,0.0,0.0,0.0,0.0,0.0,0.0,0.0,0.0,0.0,0.0,0.0,0.0,0.0
2025-10-17 20:15:00,100.0,0.0,0.0,0.0,0.0,model_v10.9.1_train_sr_AdaBoostRegressor,model_v10.9.1_train_sr_AdaBoostRegressor,20,10,0.0,0.0,0.0,0.0,0.0,0.0,0.0,0.0,0.0,0.0,0.0,0.0,0.0,0.0,0.0,0.0,0.0,0.0,0.0,0.0,0.0,0.0,0.0,0.0,0.0,0.0,0.0,0.0,0.0,0.0,0.0,0.0,0.0,0.0
2025-10-17 20:30:00,100.0,0.0,0.0,0.0,0.0,model_v10.9.1_train_sr_AdaBoostRegressor,model_v10.9.1_train_sr_AdaBoostRegressor,20,10,0.0,0.0,0.0,0.0,0.0,0.0,0.0,0.0,0.0,0.0,0.0,0.0,0.0,0.0,0.0,0.0,0.0,0.0,0.0,0.0,0.0,0.0,0.0,0.0,0.0,0.0,0.0,0.0,0.0,0.0,0.0,0.0,0.0,0.0
2025-10-17 20:45:00,100.0,0.0,0.0,0.0,0.0,model_v10.9.1_train_sr_AdaBoostRegressor,model_v10.9.1_train_sr_AdaBoostRegressor,20,10,0.0,0.0,0.0,0.0,0.0,0.0,0.0,0.0,0.0,0.0,0.0,0.0,0.0,0.0,0.0,0.0,0.0,0.0,0.0,0.0,0.0,0.0,0.0,0.0,0.0,0.0,0.0,0.0,0.0,0.0,0.0,0.0,0.0,0.0
2025-10-17 21:00:00,100.0,0.0,0.0,0.0,0.0,model_v10.9.1_train_sr_AdaBoostRegressor,model_v10.9.1_train_sr_AdaBoostRegressor,21,10,0.0,0.0,0.0,0.0,0.0,0.0,0.0,0.0,0.0,0.0,0.0,0.0,0.0,0.0,0.0,0.0,0.0,0.0,0.0,0.0,0.0,0.0,0.0,0.0,0.0,0.0,0.0,0.0,0.0,0.0,0.0,0.0,0.0,0.0
2025-10-17 21:15:00,99.85,0.0,0.0,0.0,0.0,model_v10.9.1_train_sr_AdaBoostRegressor,model_v10.9.1_train_sr_AdaBoostRegressor,21,10,0.0,0.0,0.0,0.0,0.0,0.0,0.0,0.0,0.0,0.0,0.0,0.0,0.0,0.0,0.0,0.0,0.0,0.0,0.0,0.0,0.0,0.0,0.0,0.0,0.0,0.0,0.0,0.0,0.0,0.0,0.0,0.0,0.0,0.0
2025-10-17 21:30:00,99.7,0.0,0.0,0.0,0.0,model_v10.9.1_train_sr_AdaBoostRegressor,model_v10.9.1_train_sr_AdaBoostRegressor,21,10,0.0,0.0,0.0,0.0,0.0,0.0,0.0,0.0,0.0,0.0,0.0,0.0,0.0,0.0,0.0,0.0,0.0,0.0,0.0,0.0,0.0,0.0,0.0,0.0,0.0,0.0,0.0,0.0,0.0,0.0,0.0,0.0,0.0,0.0
2025-10-17 21:45:00,99.55,0.0,0.0,0.0,0.0,model_v10.9.1_train_sr_AdaBoostRegressor,model_v10.9.1_train_sr_AdaBoostRegressor,21,10,0.0,0.0,0.0,0.0,0.0,0.0,0.0,0.0,0.0,0.0,0.0,0.0,0.0,0.0,0.0,0.0,0.0,0.0,0.0,0.0,0.0,0.0,0.0,0.0,0.0,0.0,0.0,0.0,0.0,0.0,0.0,0.0,0.0,0.0
2025-10-17 22:00:00,99.4,0.0,0.0,0.0,0.0,model_v10.9.1_train_sr_AdaBoostRegressor,model_v10.9.1_train_sr_AdaBoostRegressor,22,10,0.0,0.0,0.0,0.0,0.0,0.0,0.0,0.0,0.0,0.0,0.0,0.0,0.0,0.0,0.0,0.0,0.0,0.0,0.0,0.0,0.0,0.0,0.0,0.0,0.0,0.0,0.0,0.0,0.0,0.0,0.0,0.0,0.0,0.0
2025-10-17 22:15:00,99.32,0.0,0.0,0.0,0.0,model_v10.9.1_train_sr_AdaBoostRegressor,model_v10.9.1_train_sr_AdaBoostRegressor,22,10,0.0,0.0,0.0,0.0,0.0,0.0,0.0,0.0,0.0,0.0,0.0,0.0,0.0,0.0,0.0,0.0,0.0,0.0,0.0,0.0,0.0,0.0,0.0,0.0,0.0,0.0,0.0,0.0,0.0,0.0,0.0,0.0,0.0,0.0
2025-10-17 22:30:00,99.25,0.0,0.0,0.0,0.0,model_v10.9.1_train_sr_AdaBoostRegressor,model_v10.9.1_train_sr_AdaBoostRegressor,22,10,0.0,0.0,0.0,0.0,0.0,0.0,0.0,0.0,0.0,0.0,0.0,0.0,0.0,0.0,0.0,0.0,0.0,0.0,0.0,0.0,0.0,0.0,0.0,0.0,0.0,0.0,0.0,0.0,0.0,0.0,0.0,0.0,0.0,0.0
2025-10-17 22:45:00,99.18,0.0,0.0,0.0,0.0,model_v10.9.1_train_sr_AdaBoostRegressor,model_v10.9.1_train_sr_AdaBoostRegressor,22,10,0.0,0.0,0.0,0.0,0.0,0.0,0.0,0.0,0.0,0.0,0.0,0.0,0.0,0.0,0.0,0.0,0.0,0.0,0.0,0.0,0.0,0.0,0.0,0.0,0.0,0.0,0.0,0.0,0.0,0.0,0.0,0.0,0.0,0.0
2025-10-17 23:00:00,99.1,0.0,0.0,0.0,0.0,model_v10.9.1_train_sr_AdaBoostRegressor,model_v10.9.1_train_sr_AdaBoostRegressor,23,10,0.0,0.0,0.0,0.0,0.0,0.0,0.0,0.0,0.0,0.0,0.0,0.0,0.0,0.0,0.0,0.0,0.0,0.0,0.0,0.0,0.0,0.0,0.0,0.0,0.0,0.0,0.0,0.0,0.0,0.0,0.0,0.0,0.0,0.0
2025-10-17 23:15:00,99.32,0.0,0.0,0.0,0.0,model_v10.9.1_train_sr_AdaBoostRegressor,model_v10.9.1_train_sr_AdaBoostRegressor,23,10,0.0,0.0,0.0,0.0,0.0,0.0,0.0,0.0,0.0,0.0,0.0,0.0,0.0,0.0,0.0,0.0,0.0,0.0,0.0,0.0,0.0,0.0,0.0,0.0,0.0,0.0,0.0,0.0,0.0,0.0,0.0,0.0,0.0,0.0
2025-10-17 23:30:00,99.55,0.0,0.0,0.0,0.0,model_v10.9.1_train_sr_AdaBoostRegressor,model_v10.9.1_train_sr_AdaBoostRegressor,23,10,0.0,0.0,0.0,0.0,0.0,0.0,0.0,0.0,0.0,0.0,0.0,0.0,0.0,0.0,0.0,0.0,0.0,0.0,0.0,0.0,0.0,0.0,0.0,0.0,0.0,0.0,0.0,0.0,0.0,0.0,0.0,0.0,0.0,0.0
2025-10-17 23:45:00,99.78,0.0,0.0,0.0,0.0,model_v10.9.1_train_sr_AdaBoostRegressor,model_v10.9.1_train_sr_AdaBoostRegressor,23,10,0.0,0.0,0.0,0.0,0.0,0.0,0.0,0.0,0.0,0.0,0.0,0.0,0.0,0.0,0.0,0.0,0.0,0.0,0.0,0.0,0.0,0.0,0.0,0.0,0.0,0.0,0.0,0.0,0.0,0.0,0.0,0.0,0.0,0.0
2025-10-18 00:00:00,100.0,0.0,0.0,0.0,0.0,model_v10.9.1_train_sr_AdaBoostRegressor,model_v10.9.1_train_sr_AdaBoostRegressor,0,10,0.0,0.0,0.0,0.0,0.0,0.0,0.0,0.0,0.0,0.0,0.0,0.0,0.0,0.0,0.0,0.0,0.0,0.0,0.0,0.0,0.0,0.0,0.0,0.0,0.0,0.0,0.0,0.0,0.0,0.0,0.0,0.0,0.0,0.0
2025-10-18 00:15:00,100.0,0.0,0.0,0.0,0.0,model_v10.9.1_train_sr_AdaBoostRegressor,model_v10.9.1_train_sr_AdaBoostRegressor,0,10,0.0,0.0,0.0,0.0,0.0,0.0,0.0,0.0,0.0,0.0,0.0,0.0,0.0,0.0,0.0,0.0,0.0,0.0,0.0,0.0,0.0,0.0,0.0,0.0,0.0,0.0,0.0,0.0,0.0,0.0,0.0,0.0,0.0,0.0
2025-10-18 00:30:00,100.0,0.0,0.0,0.0,0.0,model_v10.9.1_train_sr_AdaBoostRegressor,model_v10.9.1_train_sr_AdaBoostRegressor,0,10,0.0,0.0,0.0,0.0,0.0,0.0,0.0,0.0,0.0,0.0,0.0,0.0,0.0,0.0,0.0,0.0,0.0,0.0,0.0,0.0,0.0,0.0,0.0,0.0,0.0,0.0,0.0,0.0,0.0,0.0,0.0,0.0,0.0,0.0
2025-10-18 00:45:00,100.0,0.0,0.0,0.0,0.0,model_v10.9.1_train_sr_AdaBoostRegressor,model_v10.9.1_train_sr_AdaBoostRegressor,0,10,0.0,0.0,0.0,0.0,0.0,0.0,0.0,0.0,0.0,0.0,0.0,0.0,0.0,0.0,0.0,0.0,0.0,0.0,0.0,0.0,0.0,0.0,0.0,0.0,0.0,0.0,0.0,0.0,0.0,0.0,0.0,0.0,0.0,0.0
2025-10-18 01:00:00,100.0,0.0,0.0,0.0,0.0,model_v10.9.1_train_sr_AdaBoostRegressor,model_v10.9.1_train_sr_AdaBoostRegressor,1,10,0.0,0.0,0.0,0.0,0.0,0.0,0.0,0.0,0.0,0.0,0.0,0.0,0.0,0.0,0.0,0.0,0.0,0.0,0.0,0.0,0.0,0.0,0.0,0.0,0.0,0.0,0.0,0.0,0.0,0.0,0.0,0.0,0.0,0.0
2025-10-18 01:15:00,100.0,0.0,0.0,0.0,0.0,model_v10.9.1_train_sr_AdaBoostRegressor,model_v10.9.1_train_sr_AdaBoostRegressor,1,10,0.0,0.0,0.0,0.0,0.0,0.0,0.0,0.0,0.0,0.0,0.0,0.0,0.0,0.0,0.0,0.0,0.0,0.0,0.0,0.0,0.0,0.0,0.0,0.0,0.0,0.0,0.0,0.0,0.0,0.0,0.0,0.0,0.0,0.0
2025-10-18 01:30:00,100.0,0.0,0.0,0.0,0.0,model_v10.9.1_train_sr_AdaBoostRegressor,model_v10.9.1_train_sr_AdaBoostRegressor,1,10,0.0,0.0,0.0,0.0,0.0,0.0,0.0,0.0,0.0,0.0,0.0,0.0,0.0,0.0,0.0,0.0,0.0,0.0,0.0,0.0,0.0,0.0,0.0,0.0,0.0,0.0,0.0,0.0,0.0,0.0,0.0,0.0,0.0,0.0
2025-10-18 01:45:00,100.0,0.0,0.0,0.0,0.0,model_v10.9.1_train_sr_AdaBoostRegressor,model_v10.9.1_train_sr_AdaBoostRegressor,1,10,0.0,0.0,0.0,0.0,0.0,0.0,0.0,0.0,0.0,0.0,0.0,0.0,0.0,0.0,0.0,0.0,0.0,0.0,0.0,0.0,0.0,0.0,0.0,0.0,0.0,0.0,0.0,0.0,0.0,0.0,0.0,0.0,0.0,0.0
2025-10-18 02:00:00,100.0,0.0,0.0,0.0,0.0,model_v10.9.1_train_sr_AdaBoostRegressor,model_v10.9.1_train_sr_AdaBoostRegressor,2,10,0.0,0.0,0.0,0.0,0.0,0.0,0.0,0.0,0.0,0.0,0.0,0.0,0.0,0.0,0.0,0.0,0.0,0.0,0.0,0.0,0.0,0.0,0.0,0.0,0.0,0.0,0.0,0.0,0.0,0.0,0.0,0.0,0.0,0.0
2025-10-18 02:15:00,100.0,0.0,0.0,0.0,0.0,model_v10.9.1_train_sr_AdaBoostRegressor,model_v10.9.1_train_sr_AdaBoostRegressor,2,10,0.0,0.0,0.0,0.0,0.0,0.0,0.0,0.0,0.0,0.0,0.0,0.0,0.0,0.0,0.0,0.0,0.0,0.0,0.0,0.0,0.0,0.0,0.0,0.0,0.0,0.0,0.0,0.0,0.0,0.0,0.0,0.0,0.0,0.0
2025-10-18 02:30:00,100.0,0.0,0.0,0.0,0.0,model_v10.9.1_train_sr_AdaBoostRegressor,model_v10.9.1_train_sr_AdaBoostRegressor,2,10,0.0,0.0,0.0,0.0,0.0,0.0,0.0,0.0,0.0,0.0,0.0,0.0,0.0,0.0,0.0,0.0,0.0,0.0,0.0,0.0,0.0,0.0,0.0,0.0,0.0,0.0,0.0,0.0,0.0,0.0,0.0,0.0,0.0,0.0
2025-10-18 02:45:00,100.0,0.0,0.0,0.0,0.0,model_v10.9.1_train_sr_AdaBoostRegressor,model_v10.9.1_train_sr_AdaBoostRegressor,2,10,0.0,0.0,0.0,0.0,0.0,0.0,0.0,0.0,0.0,0.0,0.0,0.0,0.0,0.0,0.0,0.0,0.0,0.0,0.0,0.0,0.0,0.0,0.0,0.0,0.0,0.0,0.0,0.0,0.0,0.0,0.0,0.0,0.0,0.0
2025-10-18 03:00:00,100.0,0.0,0.0,0.0,0.0,model_v10.9.1_train_sr_AdaBoostRegressor,model_v10.9.1_train_sr_AdaBoostRegressor,3,10,0.0,0.0,0.0,0.0,0.0,0.0,0.0,0.0,0.0,0.0,0.0,0.0,0.0,0.0,0.0,0.0,0.0,0.0,0.0,0.0,0.0,0.0,0.0,0.0,0.0,0.0,0.0,0.0,0.0,0.0,0.0,0.0,0.0,0.0
2025-10-18 03:15:00,100.0,0.0,0.0,0.0,0.0,model_v10.9.1_train_sr_AdaBoostRegressor,model_v10.9.1_train_sr_AdaBoostRegressor,3,10,0.0,0.0,0.0,0.0,0.0,0.0,0.0,0.0,0.0,0.0,0.0,0.0,0.0,0.0,0.0,0.0,0.0,0.0,0.0,0.0,0.0,0.0,0.0,0.0,0.0,0.0,0.0,0.0,0.0,0.0,0.0,0.0,0.0,0.0
2025-10-18 03:30:00,100.0,0.0,0.0,0.0,0.0,model_v10.9.1_train_sr_AdaBoostRegressor,model_v10.9.1_train_sr_AdaBoostRegressor,3,10,0.0,0.0,0.0,0.0,0.0,0.0,0.0,0.0,0.0,0.0,0.0,0.0,0.0,0.0,0.0,0.0,0.0,0.0,0.0,0.0,0.0,0.0,0.0,0.0,0.0,0.0,0.0,0.0,0.0,0.0,0.0,0.0,0.0,0.0
2025-10-18 03:45:00,100.0,0.0,0.0,0.0,0.0,model_v10.9.1_train_sr_AdaBoostRegressor,model_v10.9.1_train_sr_AdaBoostRegressor,3,10,0.0,0.0,0.0,0.0,0.0,0.0,0.0,0.0,0.0,0.0,0.0,0.0,0.0,0.0,0.0,0.0,0.0,0.0,0.0,0.0,0.0,0.0,0.0,0.0,0.0,0.0,0.0,0.0,0.0,0.0,0.0,0.0,0.0,0.0
2025-10-18 04:00:00,100.0,0.0,0.0,0.0,0.0,model_v10.9.1_train_sr_AdaBoostRegressor,model_v10.9.1_train_sr_AdaBoostRegressor,4,10,0.0,0.0,0.0,0.0,0.0,0.0,0.0,0.0,0.0,0.0,0.0,0.0,0.0,0.0,0.0,0.0,0.0,0.0,0.0,0.0,0.0,0.0,0.0,0.0,0.0,0.0,0.0,0.0,0.0,0.0,0.0,0.0,0.0,0.0
2025-10-18 04:15:00,100.0,0.0,0.0,0.0,0.0,model_v10.9.1_train_sr_AdaBoostRegressor,model_v10.9.1_train_sr_AdaBoostRegressor,4,10,0.0,0.0,0.0,0.0,0.0,0.0,0.0,0.0,0.0,0.0,0.0,0.0,0.0,0.0,0.0,0.0,0.0,0.0,0.0,0.0,0.0,0.0,0.0,0.0,0.0,0.0,0.0,0.0,0.0,0.0,0.0,0.0,0.0,0.0
2025-10-18 04:30:00,100.0,0.0,0.0,0.0,0.0,model_v10.9.1_train_sr_AdaBoostRegressor,model_v10.9.1_train_sr_AdaBoostRegressor,4,10,0.0,0.0,0.0,0.0,0.0,0.0,0.0,0.0,0.0,0.0,0.0,0.0,0.0,0.0,0.0,0.0,0.0,0.0,0.0,0.0,0.0,0.0,0.0,0.0,0.0,0.0,0.0,0.0,0.0,0.0,0.0,0.0,0.0,0.0
2025-10-18 04:45:00,100.0,0.0,0.0,0.0,0.0,model_v10.9.1_train_sr_AdaBoostRegressor,model_v10.9.1_train_sr_AdaBoostRegressor,4,10,0.0,0.0,0.0,0.0,0.0,0.0,0.0,0.0,0.0,0.0,0.0,0.0,0.0,0.0,0.0,0.0,0.0,0.0,0.0,0.0,0.0,0.0,0.0,0.0,0.0,0.0,0.0,0.0,0.0,0.0,0.0,0.0,0.0,0.0
2025-10-18 05:00:00,100.0,0.0,0.0,0.0,0.0,model_v10.9.1_train_sr_AdaBoostRegressor,model_v10.9.1_train_sr_AdaBoostRegressor,5,10,0.0,0.0,0.0,0.0,0.0,0.0,0.0,0.0,0.0,0.0,0.0,0.0,0.0,0.0,0.0,0.0,0.0,0.0,0.0,0.0,0.0,0.0,0.0,0.0,0.0,0.0,0.0,0.0,0.0,0.0,0.0,0.0,0.0,0.0
2025-10-18 05:15:00,100.0,0.0,0.0,0.0,0.0,model_v10.9.1_train_sr_AdaBoostRegressor,model_v10.9.1_train_sr_AdaBoostRegressor,5,10,0.0,0.0,0.0,0.0,0.0,0.0,0.0,0.0,0.0,0.0,0.0,0.0,0.0,0.0,0.0,0.0,0.0,0.0,0.0,0.0,0.0,0.0,0.0,0.0,0.0,0.0,0.0,0.0,0.0,0.0,0.0,0.0,0.0,0.0
2025-10-18 05:30:00,100.0,0.0,0.0,0.0,0.0,model_v10.9.1_train_sr_AdaBoostRegressor,model_v10.9.1_train_sr_AdaBoostRegressor,5,10,0.0,0.0,0.0,0.0,0.0,0.0,0.0,0.0,0.0,0.0,0.0,0.0,0.0,0.0,0.0,0.0,0.0,0.0,0.0,0.0,0.0,0.0,0.0,0.0,0.0,0.0,0.0,0.0,0.0,0.0,0.0,0.0,0.0,0.0
2025-10-18 05:45:00,100.0,0.0,0.0,0.0,0.0,model_v10.9.1_train_sr_AdaBoostRegressor,model_v10.9.1_train_sr_AdaBoostRegressor,5,10,0.0,0.0,0.0,0.0,0.0,0.0,0.0,0.0,0.0,0.0,0.0,0.0,0.0,0.0,0.0,0.0,0.0,0.0,0.0,0.0,0.0,0.0,0.0,0.0,0.0,0.0,0.0,0.0,0.0,0.0,0.0,0.0,0.0,0.0
2025-10-18 06:00:00,100.0,0.0,-47.1,2.8,-125.32,model_v10.9.1_train_sr_KNeighborsRegressor,model_v10.9.1_train_sr_LinearRegression,6,10,1.57,-125.28,0.0,-42.98,0.0,1.57,-78.59,2.8,-125.31,-123.19,-123.19,0.99,-125.32,-15.96,-26.56,0.0,-125.26,1.58,-94.96,0.0,-25.23,0.18,-8.01,-55.31,0.0,-94.98,-93.43,-93.43,-24.86,-94.99,-15.95,-2.49,0.0,-94.95
2025-10-18 06:15:00,100.0,0.0,-47.1,2.8,-125.32,model_v10.9.1_train_sr_KNeighborsRegressor,model_v10.9.1_train_sr_LinearRegression,6,10,1.57,-125.28,0.0,-42.98,0.0,1.57,-78.59,2.8,-125.31,-123.19,-123.19,0.99,-125.32,-15.96,-26.56,0.0,-125.26,1.58,-94.96,0.0,-25.23,0.18,-8.01,-55.31,0.0,-94.98,-93.43,-93.43,-24.86,-94.99,-15.95,-2.49,0.0,-94.95
2025-10-18 06:30:00,100.0,0.0,-47.1,2.8,-125.32,model_v10.9.1_train_sr_KNeighborsRegressor,model_v10.9.1_train_sr_LinearRegression,6,10,1.57,-125.28,0.0,-42.98,0.0,1.57,-78.59,2.8,-125.31,-123.19,-123.19,0.99,-125.32,-15.96,-26.56,0.0,-125.26,1.58,-94.96,0.0,-25.23,0.18,-8.01,-55.31,0.0,-94.98,-93.43,-93.43,-24.86,-94.99,-15.95,-2.49,0.0,-94.95
2025-10-18 06:45:00,100.0,0.0,-47.1,2.8,-125.32,model_v10.9.1_train_sr_KNeighborsRegressor,model_v10.9.1_train_sr_LinearRegression,6,10,1.57,-125.28,0.0,-42.98,0.0,1.57,-78.59,2.8,-125.31,-123.19,-123.19,0.99,-125.32,-15.96,-26.56,0.0,-125.26,1.58,-94.96,0.0,-25.23,0.18,-8.01,-55.31,0.0,-94.98,-93.43,-93.43,-24.86,-94.99,-15.95,-2.49,0.0,-94.95
2025-10-18 07:00:00,100.0,32.48,-33.25,24.76,-109.12,model_v10.9.1_train_sr_RandomForestRegressor,model_v10.9.1_train_sr_LinearRegression,7,10,1.57,-109.09,13.0,-29.95,15.15,21.98,-61.47,4.2,-109.11,-106.84,-106.84,17.84,-109.12,2.41,-7.9,24.76,-109.07,1.58,-79.29,4.0,-12.89,8.52,10.54,-38.8,1.0,-79.31,-77.61,-77.61,-9.56,-79.31,1.61,13.84,10.56,-79.28
2025-10-18 07:15:00,100.0,117.7,5.31,63.21,-62.52,model_v11_train_AdaBoostRegressor,model_v10.9.1_train_sr_LinearRegression,7,10,62.33,-62.5,55.0,0.32,44.2,37.16,-13.7,4.2,-62.52,-60.44,-60.43,48.51,-62.52,50.62,40.11,46.7,-62.48,63.21,-35.06,46.0,16.01,37.69,26.51,6.35,35.6,-35.08,-33.56,-33.56,10.87,-35.08,47.67,59.06,34.41,-35.06
2025-10-18 07:30:00,100.0,202.18,34.81,103.89,-16.33,model_v11_train_PassiveAggressiveRegressor,model_v10.9.1_train_sr_LinearRegression,7,10,62.33,-16.31,94.0,30.33,84.93,57.88,33.66,4.2,-16.33,-14.43,-14.43,72.47,-16.33,98.41,87.7,78.76,-16.31,63.21,8.77,13.0,44.66,33.13,34.67,51.1,35.6,8.77,10.1,10.11,20.56,8.76,93.34,103.89,24.58,8.78
2025-10-18 07:45:00,100.0,285.54,68.16,148.13,29.25,model_v11_train_PassiveAggressiveRegressor,model_v10.9.1_train_sr_LinearRegression,7,10,66.44,29.26,93.0,59.94,71.07,82.68,80.4,76.8,29.25,30.96,30.97,94.18,29.25,145.56,134.67,73.93,29.26,64.13,52.03,66.0,72.93,62.47,60.31,95.26,35.6,52.03,53.19,53.2,40.42,52.03,138.4,148.13,61.79,52.03
2025-10-18 08:00:00,100.0,367.44,122.79,229.0,39.2,model_v11_train_DecisionTreeRegressor,model_v11_train_KNeighborsRegressor,8,10,188.36,72.47,142.0,90.52,129.65,151.91,125.22,114.6,72.47,74.22,74.23,150.88,72.47,191.89,181.17,184.7,72.47,184.43,93.35,229.0,102.02,102.13,126.33,137.95,39.2,93.36,94.55,94.55,93.01,93.35,182.67,190.68,135.78,93.35
2025-10-18 08:15:00,100.0,447.52,159.42,237.19,113.85,model_v10.9.1_train_sr_OrthogonalMatchingPursuit,model_v11_train_LGBMRegressor,8,10,188.36,116.25,142.0,118.97,169.52,179.89,170.12,179.0,116.26,117.83,117.84,187.37,116.26,237.19,226.28,187.39,116.25,184.43,134.91,229.0,129.18,206.05,144.48,180.37,123.6,134.92,135.94,135.95,113.85,134.92,225.96,233.18,151.74,134.9
2025-10-18 08:30:00,100.0,525.44,191.62,281.27,121.0,model_v10.9.1_train_sr_OrthogonalMatchingPursuit,model_v11_train_DecisionTreeRegressor,8,10,188.36,158.85,248.0,146.64,193.65,175.15,213.8,179.0,158.86,160.26,160.27,214.54,158.86,281.27,270.18,214.17,158.84,184.43,175.34,121.0,155.6,206.76,169.19,221.65,245.4,175.36,176.22,176.23,140.12,175.36,268.08,274.52,193.92,175.33
2025-10-18 08:45:00,100.0,600.86,222.51,323.93,122.61,model_v10.9.1_train_sr_OrthogonalMatchingPursuit,model_v11_train_ExtraTreesRegressor,8,10,221.49,200.09,258.0,173.43,198.51,199.55,256.09,244.2,200.1,201.33,201.34,244.29,200.1,323.93,312.68,253.05,200.07,188.87,214.48,245.0,181.18,122.61,185.21,261.61,180.0,214.51,215.2,215.21,191.29,214.51,308.85,314.55,209.5,214.47
2025-10-18 09:00:00,100.0,673.47,266.38,425.0,112.0,model_v10.9.1_train_sr_DecisionTreeRegressor,model_v11_train_DecisionTreeRegressor,9,10,329.3,238.22,425.0,200.72,261.86,314.54,295.7,234.0,238.24,239.53,239.54,344.29,238.24,365.01,353.94,280.64,238.2,322.22,250.98,112.0,207.12,190.79,279.26,299.37,214.4,251.01,251.76,251.77,197.95,251.01,348.1,352.18,189.07,250.97
2025-10-18 09:15:00,100.0,742.95,293.63,425.0,112.0,model_v10.9.1_train_sr_DecisionTreeRegressor,model_v11_train_DecisionTreeRegressor,9,10,329.3,276.21,425.0,225.4,297.4,314.54,334.66,234.0,276.23,277.37,277.38,344.29,276.24,404.31,393.09,280.9,276.18,322.22,287.04,112.0,230.69,244.75,279.26,336.18,300.2,287.07,287.67,287.69,243.66,287.08,385.66,389.05,173.81,287.02
2025-10-18 09:30:00,100.0,809.01,338.5,441.68,248.86,model_v10.9.1_train_sr_OrthogonalMatchingPursuit,model_v10.9.1_train_sr_ElasticNet,9,10,329.3,312.32,425.0,248.86,343.54,339.55,371.69,252.2,312.35,313.34,313.35,336.41,312.35,441.68,430.3,327.0,312.29,322.22,321.32,410.0,253.09,364.85,293.07,371.18,351.2,321.36,321.82,321.83,289.92,321.36,421.37,424.1,357.59,321.3
2025-10-18 09:45:00,100.0,871.36,371.57,583.0,252.2,model_v11_train_DecisionTreeRegressor,model_v10.9.1_train_sr_KNeighborsRegressor,9,10,399.75,346.41,425.0,271.01,352.37,409.3,406.65,252.2,346.44,347.3,347.31,339.24,346.45,476.95,465.43,323.8,346.37,339.29,353.67,583.0,274.23,330.83,329.77,404.21,416.0,353.72,354.05,354.06,317.31,353.72,455.07,457.19,401.78,353.65
2025-10-18 10:00:00,100.0,929.73,392.19,620.36,148.0,model_v10.9.1_train_sr_LGBMRegressor,model_v11_train_DecisionTreeRegressor,10,10,414.27,376.76,450.0,293.24,444.84,541.78,438.28,299.2,376.79,377.74,377.76,620.36,376.8,509.97,498.67,491.88,376.72,361.84,382.78,148.0,295.35,354.15,285.96,434.43,332.6,382.83,383.24,383.26,283.98,382.84,486.62,487.26,301.52,382.76
2025-10-18 10:15:00,100.0,983.88,430.4,645.85,312.47,model_v10.9.1_train_sr_LGBMRegressor,model_v10.9.1_train_sr_ElasticNet,10,10,414.27,406.36,450.0,312.47,473.43,541.78,468.64,398.0,406.4,407.23,407.24,645.85,406.41,540.6,529.18,491.41,406.32,381.18,410.88,399.0,313.71,400.7,356.55,463.12,432.8,410.94,411.23,411.25,313.42,410.94,515.89,515.99,369.48,410.86
2025-10-18 10:30:00,100.0,1033.57,459.53,627.96,330.12,model_v10.9.1_train_sr_LGBMRegressor,model_v10.9.1_train_sr_ElasticNet,10,10,414.27,433.53,597.0,330.12,558.6,541.78,496.5,398.0,433.57,434.29,434.3,627.96,433.58,568.71,557.17,561.2,433.49,381.18,436.67,440.0,330.56,412.25,378.64,489.44,432.8,436.73,436.92,436.94,370.24,436.73,542.76,542.36,429.1,436.64
2025-10-18 10:45:00,100.0,1078.59,462.28,630.11,345.83,model_v10.9.1_train_sr_GradientBoostingRegressor,model_v11_train_ElasticNet,10,10,442.42,458.14,392.0,346.11,510.49,630.11,521.74,398.0,458.19,458.81,458.82,570.78,458.2,594.18,582.54,416.11,458.1,409.43,460.03,352.0,345.83,438.58,376.96,513.29,432.8,460.1,460.19,460.21,381.67,460.1,567.09,566.25,418.09,460.0
2025-10-18 11:00:00,100.0,1118.75,502.33,659.8,352.0,model_v10.9.1_train_sr_KNeighborsRegressor,model_v11_train_DecisionTreeRegressor,11,10,468.59,478.53,632.0,361.88,605.17,620.6,543.16,659.8,478.58,479.34,479.35,634.29,478.59,616.89,605.52,543.16,478.49,433.26,479.69,352.0,360.77,441.42,405.62,533.87,519.2,479.76,479.97,479.99,367.5,479.76,588.8,586.66,447.19,479.66
